Index,Unified Technology Name,dist1995,dist1996,dist1997,dist1998,dist1999,dist2000,dist2001,dist2002,dist2003,dist2004,dist2005,dist2006,dist2007,dist2008,dist2009,dist2010,dist2011,dist2012,dist2013,dist2014,dist2015,dist2016,dist2017,dist2018,dist2019,time1995,time1996,time1997,time1998,time1999,time2000,time2001,time2002,time2003,time2004,time2005,time2006,time2007,time2008,time2009,time2010,time2011,time2012,time2013,time2014,time2015,time2016,time2017,time2018,time2019,name1995,name1996,name1997,name1998,name1999,name2000,name2001,name2002,name2003,name2004,name2005,name2006,name2007,name2008,name2009,name2010,name2011,name2012,name2013,name2014,name2015,name2016,name2017,name2018,name2019,Technology Category
0,Knowledge-based Systems,0.9745,,,,,,,,,,,,,,,,,,,,,,,,,UNDF,,,,,,,,,,,,,,,,,,,,,,,,,Knowledge-based Systems,,,,,,,,,,,,,,,,,,,,,,,,,Artificial Intelligence
1,Speech Recognition (Cloud),0.82395,0.76775,0.68535,0.7495,0.7116,0.715,0.74,0.77,0.84,0.96,0.96,0.9375,0.915,0.8925,0.87,0.9,0.885,0.905,0.92,0.94,,,,,,UNDF,UNDF,UNDF,UNDF,5T10,2T5,INTP,2T5,2T5,LT2,LT2,INTP,INTP,INTP,5T10,2T5,2T5,2T5,2T5,LT2,,,,,,Speech Recognition,Speech Recognition,Speech Recognition,Speech Recognition,Speech Recognition,Speech Recognition,,Speech Recognition in call centers,Speech Recognition for Telephony and the Call Center,Speech Recognition for Telephony and the Call Center,Speech Recognition for Telephony and the Call Center,,,,Speech Recognition,Speech Recognition,Speech Recognition,Speech Recognition,Speech Recognition,Speech Recognition,,,,,,Human-Computer Interface
2,Object-oriented Programming,0.741,0.8614,0.926,,,,,,,,,,,,,,,,,,,,,,,UNDF,UNDF,UNDF,,,,,,,,,,,,,,,,,,,,,,,Object-oriented Programming,Object-oriented Programming,Object-oriented Programming,,,,,,,,,,,,,,,,,,,,,,,Methodology
3,Handwriting Recognition,0.65,0.68535,0.688644444,0.691938889,0.695233333,0.698527778,0.701822222,0.705116667,0.708411111,0.711705556,0.715,,,,,,,,,,,,,,,UNDF,UNDF,INTP,INTP,INTP,INTP,INTP,INTP,INTP,INTP,2T5,,,,,,,,,,,,,,,Handwriting Recognition,Handwriting Recognition,,,,,,,,,Handwriting Recognition,,,,,,,,,,,,,,,Human-Computer Interface
4,Emergent Computation,0.05615,,,,,,,,,,,,,,,,,,,,,,,,,UNDF,,,,,,,,,,,,,,,,,,,,,,,,,Emergent Computation,,,,,,,,,,,,,,,,,,,,,,,,,Software Architecture
5,Video Conferencing,0.55,0.5635,0.577,0.5905,0.604,0.6175,0.631,0.6445,0.658,0.6715,0.685,,,,,,,,,,,,,,,UNDF,INTP,INTP,INTP,INTP,INTP,INTP,INTP,INTP,INTP,2T5,,,,,,,,,,,,,,,Video Conferencing,,,,,,,,,,Video Conferencing,,,,,,,,,,,,,,,Communications
6,Virtual Reality,0.496,0.4794,0.594225,0.597085938,0.599946875,0.602807813,0.60566875,0.608529688,0.611390625,0.614251563,0.6171125,0.619973438,0.622834375,0.625695313,0.62855625,0.631417188,0.634278125,0.637139063,0.64,0.675,0.7,0.73,0.745,,,UNDF,UNDF,UNDF,INTP,INTP,INTP,INTP,INTP,INTP,INTP,INTP,INTP,INTP,INTP,INTP,INTP,INTP,INTP,5T10,5T10,5T10,5T10,2T5,,,Virtual Reality,Virtual Reality,Virtual Reality,,,,,,,,,,,,,,,,Virtual Reality,Virtual Reality,Virtual Reality,Virtual Reality,Virtual Reality,,,Human-Computer Interface
7,Information Superhighway,0.41945,,,,,,,,,,,,,,,,,,,,,,,,,UNDF,,,,,,,,,,,,,,,,,,,,,,,,,Information Superhighway,,,,,,,,,,,,,,,,,,,,,,,,,Networking Technology
8,Intelligent Agents,0.32955,0.4382,0.5131,0.4831,,,,,,,,,,,,,,,,,,,,,,UNDF,UNDF,UNDF,UNDF,,,,,,,,,,,,,,,,,,,,,,Intelligent Agents,Agents,Agents,Agents,,,,,,,,,,,,,,,,,,,,,,Human-Computer Interface
9,Wireless Communications,0.161,,,,,,,,,,,,,,,,,,,,,,,,,UNDF,,,,,,,,,,,,,,,,,,,,,,,,,Wireless Communications,,,,,,,,,,,,,,,,,,,,,,,,,Mobile Technology
10,Imaging,,0.96625,0.99625,,,,,,,,,,,,,,,,,,,,,,,,UNDF,UNDF,,,,,,,,,,,,,,,,,,,,,,,,Imaging,Imaging,,,,,,,,,,,,,,,,,,,,,,,Methodology
11,Workflow,,0.9513,0.9513,,,,,,,,,,,,,,,,,,,,,,,,UNDF,UNDF,,,,,,,,,,,,,,,,,,,,,,,,Workflow,Workflow,,,,,,,,,,,,,,,,,,,,,,,Methodology
12,Grid Computing/Public MPP Clusters,,0.911,0.82,0.729,0.638,0.547,0.456,0.365,0.31,0.3,0.48,0.475,,,,,,,,,,,,,,,UNDF,INTP,INTP,INTP,INTP,INTP,5T10,5T10,2T5,2T5,2T5,,,,,,,,,,,,,,,Massively Parallel Processing,,,,,,Grid computing,Commercial Grids,External MPP Grids,Grid Computing,Grid Computing,,,,,,,,,,,,,,Computer Architecture
13,Database Mining,,0.8127,0.7495,0.8515,0.8352,,,,,,,,,,,,,,,,,,,,,,UNDF,UNDF,UNDF,2T5,,,,,,,,,,,,,,,,,,,,,,Database Mining,Database Mining,Data Mining,Data Mining,,,,,,,,,,,,,,,,,,,,,Information Technology
14,Desktop Videoconferencing,,0.7228,0.66665,0.7116,,,,,,,,,,,,,,,,,,,,,,,UNDF,UNDF,UNDF,,,,,,,,,,,,,,,,,,,,,,,Desktop Videoconferencing,Desktop Videoconferencing,Desktop Videoconferencing,,,,,,,,,,,,,,,,,,,,,,Communications
15,Desktop Computer-Telephony Integration,,0.644,,,,,,,,,,,,,,,,,,,,,,,,,UNDF,,,,,,,,,,,,,,,,,,,,,,,,,Desktop Computer-Telephony Integration,,,,,,,,,,,,,,,,,,,,,,,,Communications
16,Smartphones/PDA Phones,,0.6295,0.63295,0.7925,0.9213,0.61315,0.305,0.475,0.5,0.56,0.675,0.78,,,,,,,,,,,,,,,UNDF,UNDF,UNDF,LT2,INTP,2T5,2T5,LT2,LT2,INTP,LT2,,,,,,,,,,,,,,,Personal Digital Assistants,PDAs,Personal Digital Assistants,PDAs,,PDA Phones,Personal digital assistant phones,Smartphones,Smartphones,,Smartphones,,,,,,,,,,,,,,Mobile Technology
17,Interactive TV,,0.56175,0.5555,0.26965,0.315095833,0.360541667,0.4059875,0.451433333,0.496879167,0.542325,0.587770833,0.633216667,0.6786625,0.724108333,0.769554167,0.815,,,,,,,,,,,UNDF,UNDF,UNDF,INTP,INTP,INTP,INTP,INTP,INTP,INTP,INTP,INTP,INTP,INTP,2T5,,,,,,,,,,,Interactive TV,Interactive/Web TV,Interactive/Internet TV,,,,,,,,,,,,Interactive TV,,,,,,,,,,Platforms
18,World Wide Web,,0.382,0.83895,,,,,,,,,,,,,,,,,,,,,,,,UNDF,UNDF,,,,,,,,,,,,,,,,,,,,,,,,World Wide Web,World Wide Web + Intranets,,,,,,,,,,,,,,,,,,,,,,,Web Technology
19,Internet Terminals,,0.3483,,,,,,,,,,,,,,,,,,,,,,,,,UNDF,,,,,,,,,,,,,,,,,,,,,,,,,Internet Terminals,,,,,,,,,,,,,,,,,,,,,,,,Networking Technology
20,Java,,0.3185,0.79775,0.89325,0.98875,0.995,,,,,,,,,,,,,,,,,,,,,UNDF,UNDF,INTP,LT2,LT2,,,,,,,,,,,,,,,,,,,,,Java,Java - the Language,,Java Language,Java Language,,,,,,,,,,,,,,,,,,,,Platforms
21,Intranets,,0.28835,,,,,,,,,,,,,,,,,,,,,,,,,UNDF,,,,,,,,,,,,,,,,,,,,,,,,,Intranets,,,,,,,,,,,,,,,,,,,,,,,,Networking Technology
22,Smartcards,,0.2584,0.382,0.56575,0.7495,0.8,,,,,,,,,,,,,,,,,,,,,UNDF,UNDF,INTP,2T5,2T5,,,,,,,,,,,,,,,,,,,,,Smart Cards,Smart Cards,,Smart Cards,Smart Cards,,,,,,,,,,,,,,,,,,,,Cyber Security
23,DVD,,0.1985,0.316475,,,,,,,,,,,,,,,,,,,,,,,,UNDF,UNDF,,,,,,,,,,,,,,,,,,,,,,,,Digital Video Disk,DVD,,,,,,,,,,,,,,,,,,,,,,,Platforms
24,Cable Modems,,0.1465,0.4419,0.674,,,,,,,,,,,,,,,,,,,,,,,UNDF,UNDF,UNDF,,,,,,,,,,,,,,,,,,,,,,,Cable Modems,Cable Modems,Cable Modems,,,,,,,,,,,,,,,,,,,,,,Networking Technology
25,Application Sharing,,,0.7116,,,,,,,,,,,,,,,,,,,,,,,,,UNDF,,,,,,,,,,,,,,,,,,,,,,,,,Application Sharing,,,,,,,,,,,,,,,,,,,,,,,Software Architecture
26,Network Computers,,,0.4794,0.56925,,,,,,,,,,,,,,,,,,,,,,,,UNDF,UNDF,,,,,,,,,,,,,,,,,,,,,,,,Network Computers,Network Computers,,,,,,,,,,,,,,,,,,,,,,Networking Technology
27,Java - the Platform,,,0.41195,0.5468,,,,,,,,,,,,,,,,,,,,,,,,UNDF,UNDF,,,,,,,,,,,,,,,,,,,,,,,,Java Platform,Java - the Platform,,,,,,,,,,,,,,,,,,,,,,Platforms
28,Netcasting/Push Technology,,,0.34445,0.6295,,,,,,,,,,,,,,,,,,,,,,,,UNDF,UNDF,,,,,,,,,,,,,,,,,,,,,,,,Netcasting/Push Technology,Push,,,,,,,,,,,,,,,,,,,,,,Web Technology
29,Micro/E-Payments,,,0.2885,0.4494,0.496,0.675,0.67,0.68,0.665,0.65,0.635,0.665,0.685,0.72,0.75,0.77,,,,,,,,,,,,UNDF,UNDF,5T10,5T10,2T5,2T5,INTP,INTP,5T10,INTP,INTP,INTP,INTP,2T5,,,,,,,,,,,,E-Cash,E-Cash,E-Cash,Micropayments,E-Payments,E-payments,,,Internet Micropayments,,,,,Internet Micropayment Systems,,,,,,,,,,Financial Technology
30,VRML/Avatars,,,0.23595,0.5243,,,,,,,,,,,,,,,,,,,,,,,,UNDF,UNDF,,,,,,,,,,,,,,,,,,,,,,,,VRML/Avatars,VRML/Avatars,,,,,,,,,,,,,,,,,,,,,,Human-Computer Interface
31,Biometric Authentication,,,0.19475,0.2172,0.27715,0.285,0.315,0.325,0.3733333333,0.425,0.46,0.56,0.6,0.63,0.69,0.73,0.74,0.79,0.8,,,,,,,,,UNDF,UNDF,2T5,2T5,INTP,5T10,INTP,INTP,GT10,5T10,INTP,INTP,INTP,2T5,2T5,2T5,2T5,,,,,,,,,Biometrics,Biometrics,Biometrics,Biometrics,,Biometrics,,,Biometric User Identification,Biometric Payments,,,,Biometric Authentication Methods,Biometric Authentication Methods,Biometric Authentication Methods,Biometric Authentication Methods,,,,,,,Cyber Security
32,Wearable Computers,,,0.11985,0.161,0.21345,,,,,,,,,,,,,,,,,,,,,,,UNDF,UNDF,5T10,,,,,,,,,,,,,,,,,,,,,,,Wearable Computers,Wearable Computers,Wearable Computers,,,,,,,,,,,,,,,,,,,,,Human-Computer Interface
33,Intranet Publishing,,,,0.9555,,,,,,,,,,,,,,,,,,,,,,,,,UNDF,,,,,,,,,,,,,,,,,,,,,,,,,Intranet Publishing,,,,,,,,,,,,,,,,,,,,,,Web Technology
34,Streaming Media over Web,,,,0.40445,,,,,,,,,,,,,,,,,,,,,,,,,UNDF,,,,,,,,,,,,,,,,,,,,,,,,,Streaming Media over Web,,,,,,,,,,,,,,,,,,,,,,Platforms
35,Voice over IP,,,,0.42695,0.4644,0.695,0.69,0.73,0.71,0.8,0.875,0.985,,,,,,,,,,,,,,,,,UNDF,2T5,LT2,2T5,2T5,LT2,LT2,LT2,LT2,,,,,,,,,,,,,,,,,IP Telephony,Voice over IP,Voice over IP,Voice Over IP,Voice over IP,Voice Over IP Services,VoIP,VoIP,VoIP,,,,,,,,,,,,,,Communications
36,Extranets,,,,0.382,,,,,,,,,,,,,,,,,,,,,,,,,UNDF,,,,,,,,,,,,,,,,,,,,,,,,,Extranets,,,,,,,,,,,,,,,,,,,,,,Networking Technology
37,Knowledge Management,,,,0.35955,0.397,,,,,,,,,,,,,,,,,,,,,,,,UNDF,2T5,,,,,,,,,,,,,,,,,,,,,,,,Knowledge Management,Knowledge Management,,,,,,,,,,,,,,,,,,,,,Methodology
38,XML,,,,0.32955,0.437,0.74,,,,,,,,,,,,,,,,,,,,,,,UNDF,LT2,LT2,,,,,,,,,,,,,,,,,,,,,,,XML,XML,XML,,,,,,,,,,,,,,,,,,,,Web Technology
39,xDSL/Cable Modems,,,,0.3146,0.779,0.94,,,,,,,,,,,,,,,,,,,,,,,UNDF,LT2,LT2,,,,,,,,,,,,,,,,,,,,,,,xDSL,xDSL/Cable Modems,xDSL/Cable Modems,,,,,,,,,,,,,,,,,,,,Networking Technology
40,On-line Communities,,,,0.29585,,,,,,,,,,,,,,,,,,,,,,,,,UNDF,,,,,,,,,,,,,,,,,,,,,,,,,On-line Communities,,,,,,,,,,,,,,,,,,,,,,Platforms
41,Ubiquitous Computing,,,,0.0585,,,,,,,,,,,,,,,,,,,,,,,,,UNDF,,,,,,,,,,,,,,,,,,,,,,,,,Ubiquitous Computing,,,,,,,,,,,,,,,,,,,,,,Computer Architecture
42,Electronic Ink/Digital Paper,,,,,0.08235,0.21,0.22,0.23,0.24,0.255,0.28,0.375,0.485,0.695,0.72,0.86,,,,,,,,,,,,,,5T10,5T10,INTP,INTP,5T10,5T10,2T5,2T5,2T5,2T5,2T5,2T5,,,,,,,,,,,,,,Digital Ink,Digital Ink,,,Electronic Ink/ Digital Paper,Electronic Ink/Digital Paper,Electronic Ink/Digital Paper,Digital Paper/E-Paper,Electronic Paper,Electronic Paper,Electronic Paper,Electronic Paper,,,,,,,,,,Display Technology
43,3D Web,,,,,0.6292,0.625,,,,,,,,,,,,,,,,,,,,,,,,2T5,5T10,,,,,,,,,,,,,,,,,,,,,,,,3D Web,3D Web,,,,,,,,,,,,,,,,,,,,Web Technology
44,Jini,,,,,0.3775,0.53,,,,,,,,,,,,,,,,,,,,,,,,2T5,2T5,,,,,,,,,,,,,,,,,,,,,,,,Jini,Jini,,,,,,,,,,,,,,,,,,,,Networking Technology
45,Quantum Computing,,,,,0.003745,0.005,0.012,0.019,0.026,0.033,0.0375,0.0465,0.04166666667,0.04333333333,0.048,0.055,0.075,0.075,0.08,0.125,0.135,0.145,0.21,0.255,,,,,,GT10,GT10,INTP,INTP,INTP,INTP,GT10,GT10,INTP,INTP,GT10,INTP,GT10,GT10,GT10,GT10,GT10,GT10,GT10,5T10,,,,,,Quantum Computing,Quantum Computing,,,,,Quantum Computing,Quantum Computing,,,Quantum Computing,,Quantum Computing,Quantum Computing,Quantum Computing,Quantum Computing,Quantum Computing,Quantum Computing,Quantum Computing,Quantum Computing,,Computer Architecture
46,Enterprise Portals,,,,,0.3483,0.44,0.8,,,,,,,,,,,,,,,,,,,,,,,LT2,LT2,LT2,,,,,,,,,,,,,,,,,,,,,,,Enterprise Portals,Enterprise Portals,Enterprise Portals,,,,,,,,,,,,,,,,,,,Information Technology
47,Desktop Linux for Business,,,,,0.3225,0.316875,0.31125,0.305625,0.3,0.31,0.4,,,,,,,,,,,,,,,,,,,LT2,INTP,INTP,INTP,2T5,2T5,2T5,,,,,,,,,,,,,,,,,,,Linux,,,,Linux on Desktop,Desktop Linux for Business,Desktop Linux for Business,,,,,,,,,,,,,,,Platforms
48,Bluetooth,,,,,0.2996,0.41,0.6,0.715,,,,,,,,,,,,,,,,,,,,,,2T5,2T5,2T5,2T5,,,,,,,,,,,,,,,,,,,,,,Bluetooth,Bluetooth,Bluetooth,Bluetooth,,,,,,,,,,,,,,,,,,Wireless Technology
49,Synthetic Characters/Chatbots,,,,,0.17225,0.18,0.25,,,,,,,,,,,,,,,,,,,,,,,5T10,5T10,5T10,,,,,,,,,,,,,,,,,,,,,,,Synthetic Characters,Synthetic Characters,Synthetic Characters,,,,,,,,,,,,,,,,,,,Human-Computer Interface
50,Text Mining,,,,,0.13855,,,,,,,,,,,,,,,,,,,,,,,,,2T5,,,,,,,,,,,,,,,,,,,,,,,,,Text Mining,,,,,,,,,,,,,,,,,,,,,Information Technology
51,Hosted Virtual Desktops,,,,,,0.38,0.3995454545,0.4190909091,0.435,0.4581818182,0.47,0.4972727273,0.5168181818,0.5363636364,0.5559090909,0.5754545455,0.595,0.6525,,,,,,,,,,,,,2T5,INTP,INTP,INTP,INTP,INTP,INTP,INTP,INTP,INTP,INTP,LT2,LT2,,,,,,,,,,,,,Webtops,,,,,,,,,,,Hosted Virtual Desktops,Hosted Virtual Desktops,,,,,,,,Information Technology
52,ASP/SaaS,,,,,,0.36,0.56,0.60375,0.645,0.69125,0.735,,,,,,,,,,,,,,,,,,,,LT2,2T5,INTP,INTP,INTP,2T5,,,,,,,,,,,,,,,,,,,,ASPs,ASPs,,,,ASP/SaaS,,,,,,,,,,,,,,,Information Technology
53,WAP/Wireless Web,,,,,,0.335,0.5,0.615,,,,,,,,,,,,,,,,,,,,,,,2T5,2T5,2T5,,,,,,,,,,,,,,,,,,,,,,,WAP/Wireless Web,Wireless Web/WAP,WAP/Wireless Web,,,,,,,,,,,,,,,,,,Information Technology
54,Voice Portals,,,,,,0.31,,,,,,,,,,,,,,,,,,,,,,,,,2T5,,,,,,,,,,,,,,,,,,,,,,,,,Voice Portals,,,,,,,,,,,,,,,,,,,,Human-Computer Interface
55,Audio Mining/Speech Analytics,,,,,,0.135,0.1620833333,0.1891666667,0.21625,0.2433333333,0.2704166667,0.295,0.3195,0.3516666667,0.37,0.4058333333,0.4329166667,0.45,,,,,,,,,,,,,5T10,INTP,INTP,INTP,INTP,INTP,INTP,INTP,INTP,INTP,INTP,INTP,5T10,,,,,,,,,,,,,Audio Mining,,,,,,,,,,,,Audio Mining/Speech Analytics,,,,,,,,Analytics
56,WiFi (802.11a),,,,,,,0.7525,0.945,,,,,,,,,,,,,,,,,,,,,,,,LT2,LT2,,,,,,,,,,,,,,,,,,,,,,,,Wireless LANs/802.11,Wireless LANs/802.11,,,,,,,,,,,,,,,,,,Wireless Technology
57,B2C E-Commerce,,,,,,,0.65,,,,,,,,,,,,,,,,,,,,,,,,,5T10,,,,,,,,,,,,,,,,,,,,,,,,,B2C E-Business,,,,,,,,,,,,,,,,,,,Financial Technology
58,B2B E-Markets,,,,,,,0.535,,,,,,,,,,,,,,,,,,,,,,,,,5T10,,,,,,,,,,,,,,,,,,,,,,,,,B2B E-Markets,,,,,,,,,,,,,,,,,,,Financial Technology
59,Peer to Peer,,,,,,,0.465,0.59,,,,,,,,,,,,,,,,,,,,,,,,2T5,5T10,,,,,,,,,,,,,,,,,,,,,,,,Peer to Peer,Peer to Peer computing,,,,,,,,,,,,,,,,,,Networking Technology
60,Digital Signatures/PKI,,,,,,,0.415,0.69,,,,,,,,,,,,,,,,,,,,,,,,2T5,2T5,,,,,,,,,,,,,,,,,,,,,,,,Digital Signatures,Public key infrastructure,,,,,,,,,,,,,,,,,,Cyber Security
61,Mobile Commerce/Payments,,,,,,,0.38,0.44,0.48,0.55,0.6,0.655,0.655,0.655,0.655,0.67,0.6716666667,0.68,,,,,,,,,,,,,,5T10,INTP,INTP,INTP,INTP,2T5,INTP,INTP,2T5,INTP,INTP,2T5,,,,,,,,,,,,,,M-Commerce,,,,,Mobile Phone Payments,,,"Over-the-Air Mobile Phone Payment Systems, Developed Markets",,,Mobile OTA Payments,,,,,,,,Financial Technology
62,Enterprise Chat,,,,,,,0.365,0.43,0.49,0.57,0.625,0.69,0.985,,,,,,,,,,,,,,,,,,,LT2,INTP,INTP,INTP,INTP,2T5,LT2,,,,,,,,,,,,,,,,,,,Enterprise Instant Messaging,,,,,Enterprise Instant Messaging,Enterprise Instant Messaging,,,,,,,,,,,,,Communications
63,Web Services,,,,,,,0.325,0.405,0.945,1,0.99,0.975,0.9475,0.92,,,,,,,,,,,,,,,,,,2T5,2T5,LT2,LT2,LT2,LT2,INTP,LT2,,,,,,,,,,,,,,,,,,Web Services,Web Services,Internal Web Services,Internal Web Services,Internal Web Services,Internal Web Services,,Basic Web Services,,,,,,,,,,,,Web Technology
64,Semantic Web,,,,,,,0.195,0.24,0.27,0.32,0.4216666667,0.5233333333,0.63,,,,,,,,,,,,,,,,,,,5T10,INTP,5T10,5T10,INTP,INTP,GT10,,,,,,,,,,,,,,,,,,,Semantic Web,,Semantic Web,Semantic Web,,,Semantic Web,,,,,,,,,,,,,Web Technology
65,Head-Mounted Displays,,,,,,,0.12,,,,,,,,,,,,,,,,,,,,,,,,,5T10,,,,,,,,,,,,,,,,,,,,,,,,,Head-Mounted Displays,,,,,,,,,,,,,,,,,,,Display Technology
66,Micro Fuel Cells,,,,,,,0.055,0.09,0.29,0.265,0.41,,,,,,,,,,,,,,,,,,,,,5T10,5T10,5T10,5T10,5T10,,,,,,,,,,,,,,,,,,,,,Personal Fuel Cells,Personal fuel cells,Micro Fuel Cells,Micro Fuel Cells,Micro Fuel Cells,,,,,,,,,,,,,,,Energy Technology
67,VPNs,,,,,,,,1,,,,,,,,,,,,,,,,,,,,,,,,,LT2,,,,,,,,,,,,,,,,,,,,,,,,,Virtual private networks,,,,,,,,,,,,,,,,,,Networking Technology
68,Text-to-Speech/Speech Synthesis,,,,,,,,0.83,0.8783333333,0.9266666667,0.975,,,,,,,,,,,,,,,,,,,,,,LT2,INTP,INTP,LT2,,,,,,,,,,,,,,,,,,,,,,Text-to-speech,,,Text-to- Speech/ Speech Synthesis,,,,,,,,,,,,,,,Human-Computer Interface
69,Speech Recognition (Desktop),,,,,,,,0.66,,,,,,,,,,,,,,,,,,,,,,,,,2T5,,,,,,,,,,,,,,,,,,,,,,,,,Speech Recognition on desktops,,,,,,,,,,,,,,,,,,Human-Computer Interface
70,Location Aware Technology,,,,,,,,0.645,0.695,0.715,0.695,0.675,0.71,0.74,0.79,0.795,0.83,0.86,0.89,,,,,,,,,,,,,,2T5,2T5,2T5,INTP,LT2,LT2,INTP,INTP,INTP,INTP,INTP,LT2,,,,,,,,,,,,,,Location sensing,Location Aware Services,Location Aware Services,,Location Aware Technology,Location Aware Technology,,,,,,Location Intelligence,,,,,,,Mobile Technology
71,NLP Query/Interfaces,,,,,,,,0.285,0.28,0.2716666667,0.26,0.2575,0.25,0.245,0.24,0.2316666667,0.225,0.245,0.31,0.35,0.43,0.465,,,,,,,,,,,2T5,INTP,INTP,INTP,INTP,INTP,INTP,INTP,INTP,5T10,5T10,5T10,5T10,5T10,2T5,,,,,,,,,,,Natural-language search,,,,,,,,,Natural Language Question Answering,Natural Language Question Answering,Natural Language Question Answering,Natural Language Question Answering,Natural Language Question Answering,Natural Language Question Answering,,,,Human-Computer Interface
72,Identity Services (Public),,,,,,,,0.255,,,,,,,,,,,,,,,,,,,,,,,,,2T5,,,,,,,,,,,,,,,,,,,,,,,,,Identity services,,,,,,,,,,,,,,,,,,Cyber Security
73,Nanocomputing/Molecular Transistors,,,,,,,,0.2,0.125,0.055,,,,,,,,,,,,,,,,,,,,,,,5T10,INTP,GT10,,,,,,,,,,,,,,,,,,,,,,,Nanocomputing,,Molecular Transistors,,,,,,,,,,,,,,,,Computer Architecture
74,E-Tags/Passive RFID,,,,,,,,0.17,0.405,0.53,0.665,,,,,,,,,,,,,,,,,,,,,,2T5,2T5,INTP,5T10,,,,,,,,,,,,,,,,,,,,,,E-tags,Passive RFID,,Passive RFID,,,,,,,,,,,,,,,Sensing/Tracking
75,Bluetooth Cable Replacement,,,,,,,,,0.68,,,,,,,,,,,,,,,,,,,,,,,,,2T5,,,,,,,,,,,,,,,,,,,,,,,,,Bluetooth Cable Replacement,,,,,,,,,,,,,,,,,Wireless Technology
76,Holographic storage,,,,,,,,,0.655,,,,,,,,,,,,,,,,,,,,,,,,,OBS,,,,,,,,,,,,,,,,,,,,,,,,,Holographic storage,,,,,,,,,,,,,,,,,Computer Architecture
77,MEMS,,,,,,,,,0.615,,,,,,,,,,,,,,,,,,,,,,,,,LT2,,,,,,,,,,,,,,,,,,,,,,,,,Microelectromechanical Systems,,,,,,,,,,,,,,,,,Physical Actuation
78,802.11g,,,,,,,,,0.51,,,,,,,,,,,,,,,,,,,,,,,,,LT2,,,,,,,,,,,,,,,,,,,,,,,,,802.11g,,,,,,,,,,,,,,,,,Wireless Technology
79,MMS (multimedia text),,,,,,,,,0.47,,,,,,,,,,,,,,,,,,,,,,,,,2T5,,,,,,,,,,,,,,,,,,,,,,,,,MMS (multimedia text),,,,,,,,,,,,,,,,,Communications
80,XBRL,,,,,,,,,0.455,0.61,0.655,,,,,,,,,,,,,,,,,,,,,,,2T5,2T5,2T5,,,,,,,,,,,,,,,,,,,,,,,Extensible Business Reporting Language,XBRL,XBRL,,,,,,,,,,,,,,,Financial Technology
81,Bluetooth Networking,,,,,,,,,0.445,,,,,,,,,,,,,,,,,,,,,,,,,OBS,,,,,,,,,,,,,,,,,,,,,,,,,Bluetooth Networking,,,,,,,,,,,,,,,,,Networking Technology
82,WS-Enabled Business Models,,,,,,,,,0.425,0.475,0.565,,,,,,,,,,,,,,,,,,,,,,,5T10,5T10,5T10,,,,,,,,,,,,,,,,,,,,,,,Web-Services-Enabled Business Models,Web-Services-Enabled Business Models,WS-Enabled Business Models,,,,,,,,,,,,,,,Methodology
83,Tablet PCs,,,,,,,,,0.415,0.58,0.645,0.63,0.675,0.71,0.71,0.96,,,,,,,,,,,,,,,,,,2T5,2T5,2T5,2T5,INTP,2T5,2T5,LT2,,,,,,,,,,,,,,,,,,Tablet PC,Tablet PCs,Tablet PCs,Tablet PCs,,Tablet PCs,Tablet PCs,Pen-Centric Tablet PCs,,,,,,,,,,Mobile Technology
84,OLED/Light Emitting Polymers,,,,,,,,,0.395,0.405,0.53,,,,,,,,,,,,,,,,,,,,,,,2T5,2T5,2T5,,,,,,,,,,,,,,,,,,,,,,,Light Emitting Polymers,OLEDs-Light Emitting Polymers,OLEDs,,,,,,,,,,,,,,,Display Technology
85,Unified Communications,,,,,,,,,0.26,0.345,,,,,,,,,,,,,,,,,,,,,,,,2T5,2T5,,,,,,,,,,,,,,,,,,,,,,,,Unified Communications,Unified Communications,,,,,,,,,,,,,,,,Methodology
86,Mesh Networks - Sensors/WA,,,,,,,,,0.23,0.49,0.55,0.6,0.39,0.42,0.45,0.465,0.48,0.49,0.55,,,,,,,,,,,,,,,2T5,5T10,2T5,GT10,GT10,INTP,GT10,GT10,GT10,GT10,GT10,,,,,,,,,,,,,,,Mesh Networks,Mesh Networks - Sensors/Wide Area,Mesh Networks - Sensors,Mesh Networks - Sensors,Mesh Networks Sensors,,Mesh Networks - Sensors,Mesh Networks - Sensors,Mesh Networks - Sensors,Mesh Networks - Sensors,Mesh Networks - Sensors,,,,,,,Sensing/Tracking
87,Trusted Computing Platforms,,,,,,,,,0.205,0.151,0.58,,,,,,,,,,,,,,,,,,,,,,,5T10,5T10,5T10,,,,,,,,,,,,,,,,,,,,,,,Trusted Computing Platforms,Trusted Computing Group,Trusted Computing Group,,,,,,,,,,,,,,,Cyber Security
88,Info Extraction/Text Mining,,,,,,,,,0.14,0.2,0.2,0.24,0.314,0.3757142857,0.435,0.4928571429,0.5514285714,0.61,,,,,,,,,,,,,,,,5T10,5T10,5T10,INTP,INTP,INTP,INTP,INTP,INTP,2T5,,,,,,,,,,,,,,,,Information Extraction,Information Extraction,Text Mining,,,,,,,Text Analytics,,,,,,,,Analytics
89,4G Networks,,,,,,,,,0.075,0.0925,0.11,0.154,0.198,0.242,0.286,0.33,,,,,,,,,,,,,,,,,,GT10,INTP,5T10,INTP,INTP,INTP,INTP,5T10,,,,,,,,,,,,,,,,,,Fourth Generation Wireless Technology,,4G,,,,,4G Standard,,,,,,,,,,Networking Technology
90,Ultrawideband/WiMedia,,,,,,,,,0.04,0.355,,,,,,,,,,,,,,,,,,,,,,,,5T10,2T5,,,,,,,,,,,,,,,,,,,,,,,,Ultrawideband,Ultrawideband - 802.15.3a/WiMedia,,,,,,,,,,,,,,,,Wireless Technology
91,Smart Dust,,,,,,,,,0.015,0.0155,0.016,0.0165,0.017,0.0175,0.018,0.0185,0.019,0.0195,0.02,0.035,0.03,0.025,0.02,0.055,,,,,,,,,,GT10,INTP,INTP,INTP,INTP,INTP,INTP,INTP,INTP,INTP,GT10,INTP,GT10,GT10,GT10,GT10,,,,,,,,,,Smart Dust,,,,,,,,,,Smart Dust,,Smart Dust,Smart Dust,Smart Dust,Smart Dust,,Sensing/Tracking
92,802.15.4/Zigby,,,,,,,,,0.005,,,,,,,,,,,,,,,,,,,,,,,,,5T10,,,,,,,,,,,,,,,,,,,,,,,,,802.15.4/Zigby,,,,,,,,,,,,,,,,,Wireless Technology
93,Instant Messaging,,,,,,,,,,0.985,,,,,,,,,,,,,,,,,,,,,,,,,LT2,,,,,,,,,,,,,,,,,,,,,,,,,Instant Messaging,,,,,,,,,,,,,,,,Communications
94,Internal MPP Grids,,,,,,,,,,0.86,,,,,,,,,,,,,,,,,,,,,,,,,LT2,,,,,,,,,,,,,,,,,,,,,,,,,Internal MPP Grids,,,,,,,,,,,,,,,,Computer Architecture
95,RFID (case/pallet),,,,,,,,,,0.54,0.54,0.535,0.59,0.62,0.64,,,,,,,,,,,,,,,,,,,,5T10,INTP,5T10,5T10,5T10,5T10,,,,,,,,,,,,,,,,,,,,RFID (case/pallet),,RFID (case/pallet),RFID (case/pallet),RFID (case/pallet),RFID (case/pallet),,,,,,,,,,,Sensing/Tracking
96,RSS (Really Simple Syndication),,,,,,,,,,0.44,0.45,,,,,,,,,,,,,,,,,,,,,,,,LT2,LT2,,,,,,,,,,,,,,,,,,,,,,,,RSS (Really Simple Syndication),RSS (Really Simple Syndication),,,,,,,,,,,,,,,Web Technology
97,Service Oriented Architecture,,,,,,,,,,0.415,0.61,0.64,0.695,0.765,0.82,,,,,,,,,,,,,,,,,,,,2T5,2T5,INTP,2T5,2T5,2T5,,,,,,,,,,,,,,,,,,,,SOA (Service-Oriented Architecture),SOA (Service-Oriented Architecture),,SOA (Service-Oriented Architecture),SOA (Service-Oriented Architecture),SOA (Service-Oriented Architecture),,,,,,,,,,,Software Architecture
98,802.16 WiMAX,,,,,,,,,,0.33,0.51,,,,,,,,,,,,,,,,,,,,,,,,2T5,2T5,,,,,,,,,,,,,,,,,,,,,,,,802.16d WiMAX,802.16 2004 WiMAX,,,,,,,,,,,,,,,Wireless Technology
99,Speech Recognition (Mobile),,,,,,,,,,0.285,0.31,0.315,,,,,,,,,,,,,,,,,,,,,,,2T5,INTP,2T5,,,,,,,,,,,,,,,,,,,,,,,Speech Recognition for Mobile Devices,,Speech Recognition (Mobile),,,,,,,,,,,,,,Human-Computer Interface
100,Social Network Analysis,,,,,,,,,,0.23,0.32,0.39,0.565,0.675,0.67,,,,,,,,,,,,,,,,,,,,5T10,INTP,LT2,2T5,2T5,2T5,,,,,,,,,,,,,,,,,,,,Social Network Analysis,,Social Network Analysis,Social Network Analysis,Social Network Analysis,Social Network Analysis,,,,,,,,,,,Analytics
101,Wikis,,,,,,,,,,0.211,0.52,0.57,0.61,0.685,0.73,,,,,,,,,,,,,,,,,,,,2T5,2T5,2T5,2T5,2T5,2T5,,,,,,,,,,,,,,,,,,,,Wikis,Wikis,Wikis,Wikis,Wikis,Wikis,,,,,,,,,,,Web Technology
102,Augmented Reality,,,,,,,,,,0.175,0.19,0.17,0.19,0.205,0.23,0.29,0.365,0.39,0.5,0.52,0.565,0.595,0.615,0.625,,,,,,,,,,,GT10,5T10,GT10,INTP,GT10,5T10,5T10,5T10,5T10,5T10,5T10,5T10,5T10,5T10,5T10,,,,,,,,,,,Augmented Reality,Augmented Reality,Augmented Reality,,Augmented Reality,Augmented Reality,Augmented Reality,Augmented Reality,Augmented Reality,Augmented Reality,Augmented Reality,Augmented Reality,Augmented Reality,Augmented Reality,Augmented Reality,,Human-Computer Interface
103,RFID (Item),,,,,,,,,,0.14,0.29,0.44,0.53,,,,,,,,,,,,,,,,,,,,,,GT10,INTP,5T10,5T10,,,,,,,,,,,,,,,,,,,,,,RFID (Item),,RFID (Item),RFID (Item),,,,,,,,,,,,,Sensing/Tracking
104,Truth Verification,,,,,,,,,,0.08,,,,,,,,,,,,,,,,,,,,,,,,,GT10,,,,,,,,,,,,,,,,,,,,,,,,,Truth Verification,,,,,,,,,,,,,,,,Cyber Security
105,Computer/Brain Interfaces,,,,,,,,,,0.045,0.0475,0.0565,0.0575,0.06166666667,0.06833333333,0.075,0.095,0.1075,0.12,0.105,0.145,0.21,0.23,0.3025,,,,,,,,,,,GT10,INTP,INTP,INTP,INTP,INTP,GT10,GT10,INTP,GT10,GT10,GT10,GT10,GT10,GT10,,,,,,,,,,,Computer-Brain Interfaces/Thought Recognition,,,,,,Computer/Brain Interface,Computer/Brain Interface,,Brain-Computer Interface,Brain-Computer Interface,Brain-Computer Interface,Brain-Computer Interface,Brain-Computer Interface,Brain-Computer Interface,,Human-Computer Interface
106,DNA Logic,,,,,,,,,,0.005,0.027,0.0265,,,,,,,,,,,,,,,,,,,,,,,GT10,GT10,GT10,,,,,,,,,,,,,,,,,,,,,,,Protein-DNA Logic,DNA Logic,DNA Logic,,,,,,,,,,,,,,Computer Architecture
107,Business Rule Engines,,,,,,,,,,,0.825,,,,,,,,,,,,,,,,,,,,,,,,,LT2,,,,,,,,,,,,,,,,,,,,,,,,,Business Rule Engines,,,,,,,,,,,,,,,Software Architecture
108,Location-Aware Apps,,,,,,,,,,,0.755,0.76,0.765,0.805,0.805,0.88,0.955,,,,,,,,,,,,,,,,,,,2T5,2T5,2T5,2T5,2T5,2T5,LT2,,,,,,,,,,,,,,,,,,,Location-aware Applications,Location-aware Applications,Location-aware Applications,Location-aware Applications,Location-aware Applications,Location-aware Applications,Location-aware Applications,,,,,,,,,Mobile Technology
109,Corporate Blogging,,,,,,,,,,,0.49,0.58,0.62,0.645,0.77,,,,,,,,,,,,,,,,,,,,,LT2,LT2,INTP,LT2,LT2,,,,,,,,,,,,,,,,,,,,,Corporate Blogging,Corporate Blogging,,Corporate Blogging,Corporate Blogging,,,,,,,,,,,Communications
110,Desktop Search,,,,,,,,,,,0.375,,,,,,,,,,,,,,,,,,,,,,,,,LT2,,,,,,,,,,,,,,,,,,,,,,,,,Desktop Search,,,,,,,,,,,,,,,Information Technology
111,BPM Suites,,,,,,,,,,,0.35,,,,,,,,,,,,,,,,,,,,,,,,,2T5,,,,,,,,,,,,,,,,,,,,,,,,,BPM Suites,,,,,,,,,,,,,,,Software Architecture
112,Biometric Identity Docs,,,,,,,,,,,0.34,,,,,,,,,,,,,,,,,,,,,,,,,GT10,,,,,,,,,,,,,,,,,,,,,,,,,Biometric Identity Docs,,,,,,,,,,,,,,,Cyber Security
113,P2P VoIP,,,,,,,,,,,0.33,,,,,,,,,,,,,,,,,,,,,,,,,2T5,,,,,,,,,,,,,,,,,,,,,,,,,P2P VoIP,,,,,,,,,,,,,,,Communications
114,Inkjet Manufacturing/3D Printing,,,,,,,,,,,0.3,0.285,0.28,0.255,0.26,0.25,0.275,0.335,0.715,0.765,0.785,,,,,,,,,,,,,,,5T10,INTP,5T10,5T10,5T10,5T10,5T10,5T10,2T5,2T5,2T5,,,,,,,,,,,,,,,Inkjet Manufacturing,,3D Printing,3D Printing,3D Printing,3D Printing,3D Printing,3D Printing,Enterprise 3D Printing,Enterprise 3D Printing,Enterprise 3D Printing,,,,,Manufacturing
115,Model-driven Architectures,,,,,,,,,,,0.24,0.25,,,,,,,,,,,,,,,,,,,,,,,,5T10,5T10,,,,,,,,,,,,,,,,,,,,,,,,Model-driven Approaches,Model-driven Architectures,,,,,,,,,,,,,,Methodology
116,Carbon Nanotubes,,,,,,,,,,,0.23,0.2675,0.27,0.2803846154,0.2888461538,0.2973076923,0.3057692308,0.3142307692,0.325,0.33,0.3396153846,0.351,0.355,0.365,,,,,,,,,,,,GT10,INTP,INTP,INTP,INTP,INTP,INTP,INTP,INTP,INTP,INTP,INTP,INTP,5T10,,,,,,,,,,,,Carbon Nanotubes,,,,,,,,,,,,,Carbon Nanotubes,,Manufacturing
117,Podcasting,,,,,,,,,,,0.22,,,,,,,,,,,,,,,,,,,,,,,,,2T5,,,,,,,,,,,,,,,,,,,,,,,,,Podcasting,,,,,,,,,,,,,,,Communications
118,Business Process Platforms,,,,,,,,,,,0.175,,,,,,,,,,,,,,,,,,,,,,,,,5T10,,,,,,,,,,,,,,,,,,,,,,,,,Business Process Networks,,,,,,,,,,,,,,,Methodology
119,Corporate Semantic Web,,,,,,,,,,,0.145,0.305,,,,,,,,,,,,,,,,,,,,,,,,2T5,5T10,,,,,,,,,,,,,,,,,,,,,,,,Corporate Semantic Web,Corporate Semantic Web,,,,,,,,,,,,,,Software Architecture
120,Prediction Markets,,,,,,,,,,,0.075,0.16,,,,,,,,,,,,,,,,,,,,,,,,GT10,5T10,,,,,,,,,,,,,,,,,,,,,,,,Prediction Markets,Prediction Markets,,,,,,,,,,,,,,Analytics
121,Networked Collective Intelligence,,,,,,,,,,,0.06,0.23,0.3075,,,,,,,,,,,,,,,,,,,,,,,5T10,5T10,5T10,,,,,,,,,,,,,,,,,,,,,,,Networked Collective Intelligence,Collective Intelligence,Collective Intelligence,,,,,,,,,,,,,Artificial Intelligence
122,AJAX,,,,,,,,,,,,0.515,,,,,,,,,,,,,,,,,,,,,,,,,LT2,,,,,,,,,,,,,,,,,,,,,,,,,AJAX,,,,,,,,,,,,,,Web Technology
123,Folksonomies,,,,,,,,,,,,0.36,,,,,,,,,,,,,,,,,,,,,,,,,LT2,,,,,,,,,,,,,,,,,,,,,,,,,Folksonomies,,,,,,,,,,,,,,Methodology
124,Web 2.0,,,,,,,,,,,,0.345,0.495,0.555,0.68,,,,,,,,,,,,,,,,,,,,,,LT2,LT2,LT2,LT2,,,,,,,,,,,,,,,,,,,,,,Web 2.0,Web 2.0,Web 2.0,Web 2.0,,,,,,,,,,,Web Technology
125,Mashups,,,,,,,,,,,,0.335,0.3375,,,,,,,,,,,,,,,,,,,,,,,,LT2,LT2,,,,,,,,,,,,,,,,,,,,,,,,Mashup,Mashup,,,,,,,,,,,,,Web Technology
126,IP v6,,,,,,,,,,,,0.325,,,,,,,,,,,,,,,,,,,,,,,,,5T10,,,,,,,,,,,,,,,,,,,,,,,,,IP v6,,,,,,,,,,,,,,Networking Technology
127,RSS Enterprise,,,,,,,,,,,,0.275,0.58,,,,,,,,,,,,,,,,,,,,,,,,2T5,2T5,,,,,,,,,,,,,,,,,,,,,,,,RSS Enterprise,RSS Enterprise,,,,,,,,,,,,,Web Technology
128,Event Driven Architecture,,,,,,,,,,,,0.215,,,,,,,,,,,,,,,,,,,,,,,,,5T10,,,,,,,,,,,,,,,,,,,,,,,,,Event Driven Architecture,,,,,,,,,,,,,,Methodology
129,Video Telepresence,,,,,,,,,,,,0.2,0.3,0.405,0.425,0.55,,,,,,,,,,,,,,,,,,,,,GT10,2T5,2T5,2T5,2T5,,,,,,,,,,,,,,,,,,,,,Telepresence,Video Telepresence,Video Telepresence,Video Telepresence,Video Telepresence,,,,,,,,,,Communications
130,Speech-to-Speech Translation,,,,,,,,,,,,0.19,0.2,0.23,0.25,0.26,0.245,0.265,0.29,0.315,0.365,,,,,,,,,,,,,,,,5T10,INTP,INTP,INTP,5T10,5T10,5T10,5T10,5T10,2T5,,,,,,,,,,,,,,,,Speech-to-Speech Translation,,,,Speech-to-Speech Translation,Speech-to-Speech Translation,Speech-to-Speech Translation,Speech-to-Speech Translation,Speech-to-Speech Translation,Speech-to-Speech Translation,,,,,Human-Computer Interface
131,Offline AJAX,,,,,,,,,,,,0.18,,,,,,,,,,,,,,,,,,,,,,,,,2T5,,,,,,,,,,,,,,,,,,,,,,,,,Offline AJAX,,,,,,,,,,,,,,Web Technology
132,Tera-architectures,,,,,,,,,,,,0.0365,0.0275,,,,,,,,,,,,,,,,,,,,,,,,GT10,GT10,,,,,,,,,,,,,,,,,,,,,,,,Tera-architectures,Tera-architectures,,,,,,,,,,,,,Computer Architecture
133,Idea Management,,,,,,,,,,,,,0.465,0.665,0.7,0.69,0.73,0.825,,,,,,,,,,,,,,,,,,,,5T10,2T5,2T5,2T5,2T5,LT2,,,,,,,,,,,,,,,,,,,,Idea Management,Idea Management,Idea Management,Idea Management,Idea Management,Idea Management,,,,,,,,Methodology
134,Virtual Worlds/Environments,,,,,,,,,,,,,0.345,0.545,0.61,0.645,0.64,0.665,,,,,,,,,,,,,,,,,,,,5T10,2T5,2T5,5T10,5T10,5T10,,,,,,,,,,,,,,,,,,,,Virtual Worlds/Environments,Public Virtual Worlds,Public Virtual Worlds,Public Virtual Worlds,Virtual Worlds,Virtual Worlds,,,,,,,,Platforms
135,Gesture Recognition/Control,,,,,,,,,,,,,0.33,0.365,0.4025,0.44,0.445,0.5,0.69,0.7,0.73,0.26,,,,,,,,,,,,,,,,5T10,INTP,INTP,2T5,2T5,2T5,2T5,2T5,2T5,5T10,,,,,,,,,,,,,,,,Gesture Recognition,,,Gesture Recognition,Gesture Recognition,Gesture Control,Gesture Control,Gesture Control,Gesture Control,Gesture Control Devices,,,,Human-Computer Interface
136,Expertise Location & Management,,,,,,,,,,,,,0.325,,,,,,,,,,,,,,,,,,,,,,,,,2T5,,,,,,,,,,,,,,,,,,,,,,,,,Expertise Location & Management,,,,,,,,,,,,,Methodology
137,Content Analytics,,,,,,,,,,,,,0.29,0.315,0.32,0.335,0.35,0.365,0.38,0.45,,,,,,,,,,,,,,,,,,2T5,INTP,INTP,INTP,INTP,INTP,5T10,2T5,,,,,,,,,,,,,,,,,,Content Analytics,,,,,,Content Analytics,Content Analytics,,,,,,Analytics
138,Portable Personality,,,,,,,,,,,,,0.26,,,,,,,,,,,,,,,,,,,,,,,,,2T5,,,,,,,,,,,,,,,,,,,,,,,,,Portable Personality,,,,,,,,,,,,,Human-Computer Interface
139,Web Platforms,,,,,,,,,,,,,0.24,0.3,0.34,0.38,0.58,,,,,,,,,,,,,,,,,,,,,2T5,INTP,INTP,2T5,2T5,,,,,,,,,,,,,,,,,,,,,Web Platforms,,,Cloud Web Platforms,Cloud Web Platforms,,,,,,,,,Web Technology
140,Ambient/Glanceable Displays,,,,,,,,,,,,,0.21,,,,,,,,,,,,,,,,,,,,,,,,,5T10,,,,,,,,,,,,,,,,,,,,,,,,,Ambient/Glanceable Displays,,,,,,,,,,,,,Human-Computer Interface
141,Mobile Robots/Smart Robots,,,,,,,,,,,,,0.175,0.19,0.21,0.21,0.215,0.22,0.28,0.175,0.185,0.29,0.295,0.285,,,,,,,,,,,,,,GT10,GT10,GT10,GT10,GT10,GT10,5T10,5T10,5T10,5T10,5T10,5T10,,,,,,,,,,,,,,Mobile Robots,Mobile Robots,Mobile Robots,Mobile Robots,Mobile Robots,Mobile Robots,Mobile Robots,Smart Robots,Smart Robots,Smart Robots,Smart Robots,Smart Robots,,Physical Actuation
142,Behavioral Economics,,,,,,,,,,,,,0.16,0.16,0.2,,,,,,,,,,,,,,,,,,,,,,,5T10,5T10,GT10,,,,,,,,,,,,,,,,,,,,,,,Behavioral Economics,Behavioral Economics,Behavioral Economics,,,,,,,,,,,Methodology
143,Virtual Assistants,,,,,,,,,,,,,,0.61,0.62,0.63,0.405,0.41,0.43,0.025,0.04,0.22,0.325,0.385,,,,,,,,,,,,,,,5T10,INTP,5T10,5T10,INTP,2T5,5T10,5T10,5T10,5T10,2T5,,,,,,,,,,,,,,,Virtual Assistants,,Virtual Assistants,Virtual Assistants,,Virtual Assistants,Virtual Personal Assistants,Virtual Personal Assistants,Virtual Personal Assistants,Virtual Assistants,Virtual Assistants,,Human-Computer Interface
144,Service Oriented Business Apps,,,,,,,,,,,,,,0.595,,,,,,,,,,,,,,,,,,,,,,,,,2T5,,,,,,,,,,,,,,,,,,,,,,,,,Service Oriented Business Applications,,,,,,,,,,,,Web Technology
145,Solid State Drives,,,,,,,,,,,,,,0.465,,,,,,,,,,,,,,,,,,,,,,,,,2T5,,,,,,,,,,,,,,,,,,,,,,,,,Solid-State Drives,,,,,,,,,,,,Computer Architecture
146,Social Computing Platforms,,,,,,,,,,,,,,0.39,0.38,,,,,,,,,,,,,,,,,,,,,,,,2T5,2T5,,,,,,,,,,,,,,,,,,,,,,,,Social Computing Platforms,Social Software Suites,,,,,,,,,,,Software Architecture
147,Green IT,,,,,,,,,,,,,,0.325,0.415,,,,,,,,,,,,,,,,,,,,,,,,2T5,2T5,,,,,,,,,,,,,,,,,,,,,,,,Green IT,Green IT,,,,,,,,,,,Energy Technology
148,Microblogging,,,,,,,,,,,,,,0.27,0.39,0.505,,,,,,,,,,,,,,,,,,,,,,,2T5,2T5,2T5,,,,,,,,,,,,,,,,,,,,,,,Microblogging,Microblogging,Microblogging,,,,,,,,,,Communications
149,Cloud Computing,,,,,,,,,,,,,,0.2375,0.33,0.365,0.375,0.47,0.58,0.61,,,,,,,,,,,,,,,,,,,2T5,2T5,2T5,2T5,2T5,2T5,2T5,,,,,,,,,,,,,,,,,,,Cloud Computing,Cloud Computing,Cloud Computing,Cloud Computing,Cloud Computing,Cloud Computing,Cloud Computing,,,,,,Computer Architecture
150,Surface Computers,,,,,,,,,,,,,,0.22,0.22,,,,,,,,,,,,,,,,,,,,,,,,5T10,5T10,,,,,,,,,,,,,,,,,,,,,,,,Surface Computers,Surface Computers,,,,,,,,,,,Computer Architecture
151,Context Delivery Services,,,,,,,,,,,,,,0.03,0.06,0.065,0.255,0.23,0.197,0.165,0.125,0.11,,,,,,,,,,,,,,,,,5T10,5T10,5T10,5T10,INTP,INTP,INTP,INTP,5T10,,,,,,,,,,,,,,,,,Context Delivery Architectures,Context Delivery Architecture,Context Delivery Architectures,Context-Enriched Services,,,,,Context Brokering,,,,Methodology
152,Erasable Paper Printing Systems,,,,,,,,,,,,,,0.005,,,,,,,,,,,,,,,,,,,,,,,,,GT10,,,,,,,,,,,,,,,,,,,,,,,,,Erasable Paper Printing Systems,,,,,,,,,,,,Information Technology
153,Home Health Monitoring,,,,,,,,,,,,,,,0.58,0.6,0.62,0.64,,,,,,,,,,,,,,,,,,,,,,5T10,INTP,INTP,5T10,,,,,,,,,,,,,,,,,,,,,,Home Health Monitoring,,,Home Health Monitoring,,,,,,,,Sensing/Tracking
154,IP Video/Internet Video,,,,,,,,,,,,,,,0.535,,,,,,,,,,,,,,,,,,,,,,,,,2T5,,,,,,,,,,,,,,,,,,,,,,,,,Online Video,,,,,,,,,,,Platforms
155,ebook readers,,,,,,,,,,,,,,,0.35,0.54,0.66,,,,,,,,,,,,,,,,,,,,,,,2T5,2T5,LT2,,,,,,,,,,,,,,,,,,,,,,,E-Book Readers,E-Book Readers,E-Book Readers,,,,,,,,,Mobile Technology
156,Wireless Power,,,,,,,,,,,,,,,0.305,0.3125,0.325,0.325,,,,,,,,,,,,,,,,,,,,,,5T10,5T10,2T5,2T5,,,,,,,,,,,,,,,,,,,,,,Wireless Power,Wireless Power,Wireless Power,Wireless Power,,,,,,,,Energy Technology
157,Internet TV,,,,,,,,,,,,,,,0.275,0.27,0.34,0.44,,,,,,,,,,,,,,,,,,,,,,2T5,5T10,5T10,5T10,,,,,,,,,,,,,,,,,,,,,,Internet TV,Internet TV,Internet TV,Internet TV,,,,,,,,Platforms
158,Video Search,,,,,,,,,,,,,,,0.11,0.18,,,,,,,,,,,,,,,,,,,,,,,,5T10,5T10,,,,,,,,,,,,,,,,,,,,,,,,Video Search,Video Search,,,,,,,,,,Human-Computer Interface
159,3D Flat Panel Displays,,,,,,,,,,,,,,,0.038,0.32,,,,,,,,,,,,,,,,,,,,,,,,5T10,2T5,,,,,,,,,,,,,,,,,,,,,,,,3D Flat Panel Displays,3D Flat Panel TV & Displays,,,,,,,,,,Display Technology
160,Human Augmentation,,,,,,,,,,,,,,,0.028,0.045,0.065,0.06,0.13,0.115,0.155,0.155,0.14,0.145,,,,,,,,,,,,,,,,GT10,GT10,GT10,GT10,GT10,GT10,GT10,GT10,GT10,GT10,,,,,,,,,,,,,,,,Human Augmentation,Human Augmentation,Human Augmentation,Human Augmentation,Human Augmentation,Human Augmentation,Human Augmentation,Human Augmentation,Human Augmentation,Human Augmentation,,Human-Computer Interface
161,Predictive Analytics,,,,,,,,,,,,,,,,0.84,0.86,0.94,0.95,,,,,,,,,,,,,,,,,,,,,,LT2,LT2,LT2,LT2,,,,,,,,,,,,,,,,,,,,,,Predictive Analytics,Predictive Analytics,Predictive Analytics,Predictive Analytics,,,,,,,Analytics
162,Mobile App Stores,,,,,,,,,,,,,,,,0.7,0.76,,,,,,,,,,,,,,,,,,,,,,,,LT2,LT2,,,,,,,,,,,,,,,,,,,,,,,,Mobile App Stores,Mobile App Stores,,,,,,,,,Financial Technology
163,Consumer Generated Media,,,,,,,,,,,,,,,,0.66,,,,,,,,,,,,,,,,,,,,,,,,,LT2,,,,,,,,,,,,,,,,,,,,,,,,,Consumer Generated Media,,,,,,,,,,Communications
164,Broadband over Power Lines,,,,,,,,,,,,,,,,0.62,,,,,,,,,,,,,,,,,,,,,,,,,OBS,,,,,,,,,,,,,,,,,,,,,,,,,Broadband over Power Lines,,,,,,,,,,Networking Technology
165,Activity streams,,,,,,,,,,,,,,,,0.345,0.3325,0.42,0.705,0.725,,,,,,,,,,,,,,,,,,,,,2T5,2T5,2T5,2T5,2T5,,,,,,,,,,,,,,,,,,,,,Activity Streams,Activity Streams,Activity Streams,Activity Streams,Activity streams,,,,,,Web Technology
166,Media Tablets,,,,,,,,,,,,,,,,0.305,0.395,0.71,,,,,,,,,,,,,,,,,,,,,,,2T5,2T5,LT2,,,,,,,,,,,,,,,,,,,,,,,Media Tablets,Media Tablets,Media Tablets,,,,,,,,Mobile Technology
167,Private Cloud Computing,,,,,,,,,,,,,,,,0.28,0.355,0.37,,,,,,,,,,,,,,,,,,,,,,,2T5,2T5,2T5,,,,,,,,,,,,,,,,,,,,,,,Private Cloud Computing,Private Cloud Computing,Private Cloud Computing,,,,,,,,Computer Architecture
168,Social Analytics,,,,,,,,,,,,,,,,0.225,0.315,0.36,,,,,,,,,,,,,,,,,,,,,,,2T5,2T5,2T5,,,,,,,,,,,,,,,,,,,,,,,Social Analytics,Social Analytics,Social Analytics,,,,,,,,Analytics
169,Autonomous Vehicles,,,,,,,,,,,,,,,,0.17,0.19,0.2,0.23,0.295,0.345,0.37,0.37,,,,,,,,,,,,,,,,,,GT10,INTP,5T10,5T10,5T10,5T10,GT10,GT10,,,,,,,,,,,,,,,,,,Autonomous Vehicles,,Autonomous Vehicles,Autonomous Vehicles,Autonomous Vehicles,Autonomous Vehicles,Autonomous Vehicles,Autonomous Vehicles,,,Vehicle Technology
170,Extreme Transaction Processing,,,,,,,,,,,,,,,,0.145,,,,,,,,,,,,,,,,,,,,,,,,,5T10,,,,,,,,,,,,,,,,,,,,,,,,,Extreme Transaction Processing,,,,,,,,,,Software Architecture
171,Tangible User Interfaces,,,,,,,,,,,,,,,,0.13,,,,,,,,,,,,,,,,,,,,,,,,,GT10,,,,,,,,,,,,,,,,,,,,,,,,,Tangible User Interfaces,,,,,,,,,,Human-Computer Interface
172,Terahertz Waves,,,,,,,,,,,,,,,,0.085,,,,,,,,,,,,,,,,,,,,,,,,,GT10,,,,,,,,,,,,,,,,,,,,,,,,,Terahertz Waves,,,,,,,,,,Sensing/Tracking
173,QR/Color Code,,,,,,,,,,,,,,,,,0.715,,,,,,,,,,,,,,,,,,,,,,,,,2T5,,,,,,,,,,,,,,,,,,,,,,,,,QR/Color Code,,,,,,,,,Web Technology
174,Consumerization,,,,,,,,,,,,,,,,,0.705,0.75,,,,,,,,,,,,,,,,,,,,,,,,5T10,2T5,,,,,,,,,,,,,,,,,,,,,,,,Consumerization,Consumerization,,,,,,,,Methodology
175,Machine-Machine Comm. Serv.,,,,,,,,,,,,,,,,,0.455,0.4825,0.51,0.57,,,,,,,,,,,,,,,,,,,,,,5T10,5T10,5T10,5T10,,,,,,,,,,,,,,,,,,,,,,Machine to Machine Comm. Services,Machine to Machine Comm. Services,Machine to Machine Comm. Services,Machine to Machine Communication Services,,,,,,Computer Architecture
176,In Memory DBMS,,,,,,,,,,,,,,,,,0.415,0.4,0.405,0.44,,,,,,,,,,,,,,,,,,,,,,2T5,2T5,2T5,2T5,,,,,,,,,,,,,,,,,,,,,,In Memory DBMS,In Memory DBMS,In Memory DBMS,In Memory DBMS,,,,,,Software Architecture
177,NFC,,,,,,,,,,,,,,,,,0.345,0.46,0.53,0.62,,,,,,,,,,,,,,,,,,,,,,5T10,2T5,2T5,2T5,,,,,,,,,,,,,,,,,,,,,, NFC Payment, NFC Payment,NFC,NFC,,,,,,Wireless Technology
178,Group Buying,,,,,,,,,,,,,,,,,0.295,,,,,,,,,,,,,,,,,,,,,,,,,2T5,,,,,,,,,,,,,,,,,,,,,,,,,Group Buying,,,,,,,,,Methodology
179,Gamification,,,,,,,,,,,,,,,,,0.285,0.295,0.345,0.505,,,,,,,,,,,,,,,,,,,,,,5T10,5T10,5T10,5T10,,,,,,,,,,,,,,,,,,,,,,Gamification,Gamification,Gamification,Gamification,,,,,,Methodology
180,Image/Content Recognition,,,,,,,,,,,,,,,,,0.265,0.175,,,,,,,,,,,,,,,,,,,,,,,,5T10,5T10,,,,,,,,,,,,,,,,,,,,,,,,Image Recognition,Automatic Content Recognition,,,,,,,,Artificial Intelligence
181,Internet of Things ,,,,,,,,,,,,,,,,,0.235,0.2375,0.3,0.34,0.355,,,,,,,,,,,,,,,,,,,,,5T10,GT10,GT10,5T10,5T10,,,,,,,,,,,,,,,,,,,,,Internet of Things,Internet of Things,Internet of Things,Internet of Things,Internet of Things,,,,,Platforms
182,Big Data,,,,,,,,,,,,,,,,,0.205,0.285,0.3175,0.42,,,,,,,,,,,,,,,,,,,,,,2T5,2T5,5T10,5T10,,,,,,,,,,,,,,,,,,,,,,Big Data,Big Data,Big Data,Big Data,,,,,,Analytics
183,Social TV,,,,,,,,,,,,,,,,,0.14,,,,,,,,,,,,,,,,,,,,,,,,,5T10,,,,,,,,,,,,,,,,,,,,,,,,,Social TV,,,,,,,,,Platforms
184,Video Analytics for Customer Serv.,,,,,,,,,,,,,,,,,0.11,,,,,,,,,,,,,,,,,,,,,,,,,5T10,,,,,,,,,,,,,,,,,,,,,,,,,Video Analytics for Customer Service,,,,,,,,,Analytics
185,3D Bioprinting,,,,,,,,,,,,,,,,,0.055,0.095,0.11,0.155,0.175,,,,,,,,,,,,,,,,,,,,,GT10,GT10,5T10,5T10,5T10,,,,,,,,,,,,,,,,,,,,,3D Bioprinting,3D Bioprinting,3D Bioprinting,3D Bioprinting Services,3D Bioprinting for Organ Transplant,,,,,Manufacturing
186,Consumer Telematics,,,,,,,,,,,,,,,,,,0.875,0.85,0.905,,,,,,,,,,,,,,,,,,,,,,,5T10,5T10,5T10,,,,,,,,,,,,,,,,,,,,,,,Consumer Telematics,Consumer Telematics,Consumer Telematics,,,,,,Vehicle Technology
187,In-Memory Analytics,,,,,,,,,,,,,,,,,,0.595,0.655,0.71,,,,,,,,,,,,,,,,,,,,,,,2T5,LT2,LT2,,,,,,,,,,,,,,,,,,,,,,,In Memory Analytics,In Memory Analytics,In Memory Analytics,,,,,,Analytics
188,Application Stores,,,,,,,,,,,,,,,,,,0.38,,,,,,,,,,,,,,,,,,,,,,,,,5T10,,,,,,,,,,,,,,,,,,,,,,,,,Application Stores,,,,,,,,Financial Technology
189,Complex-Event Processing,,,,,,,,,,,,,,,,,,0.355,0.37,0.405,,,,,,,,,,,,,,,,,,,,,,,5T10,5T10,5T10,,,,,,,,,,,,,,,,,,,,,,,Complex-Event Processing,Complex-Event Processing,Complex-Event Processing,,,,,,Software Architecture
190,BYOD,,,,,,,,,,,,,,,,,,0.345,,,,,,,,,,,,,,,,,,,,,,,,,2T5,,,,,,,,,,,,,,,,,,,,,,,,,BYOD,,,,,,,,Information Technology
191,Hybrid Cloud Computing,,,,,,,,,,,,,,,,,,0.32,0.4175,0.495,0.505,,,,,,,,,,,,,,,,,,,,,,5T10,INTP,2T5,2T5,,,,,,,,,,,,,,,,,,,,,,Hybrid Cloud Computing,,Hybrid Cloud Computing,Hybrid Cloud Computing,,,,,Computer Architecture
192,HTML5,,,,,,,,,,,,,,,,,,0.305,,,,,,,,,,,,,,,,,,,,,,,,,5T10,,,,,,,,,,,,,,,,,,,,,,,,,HTML5,,,,,,,,Web Technology
193,Crowdsourcing,,,,,,,,,,,,,,,,,,0.275,,,,,,,,,,,,,,,,,,,,,,,,,5T10,,,,,,,,,,,,,,,,,,,,,,,,,Crowdsourcing,,,,,,,,Methodology
194,Silicon Anode Batteries,,,,,,,,,,,,,,,,,,0.255,0.27,0.305,0.3275,0.356,0.3758333333,0.4,,,,,,,,,,,,,,,,,,,2T5,INTP,INTP,INTP,INTP,INTP,5T10,,,,,,,,,,,,,,,,,,,Silicon Anode Batteries,,,,,,Silicon Anode Batteries,,Energy Technology
195,3D Scanners,,,,,,,,,,,,,,,,,,0.19,0.26,0.82,,,,,,,,,,,,,,,,,,,,,,,5T10,5T10,2T5,,,,,,,,,,,,,,,,,,,,,,,3D Scanners,3D Scanners,3D Scanners,,,,,,Sensing/Tracking
196,Volumetric & Holographic Displays,,,,,,,,,,,,,,,,,,0.115,0.15,0.145,0.165,0.19,0.22,0.235,,,,,,,,,,,,,,,,,,,GT10,GT10,GT10,GT10,GT10,GT10,GT10,,,,,,,,,,,,,,,,,,,Volumetric & Holographic Displays,Volumetric & Holographic Displays,Volumetric & Holographic Displays,Volumetric Displays,Volumetric Displays,Volumetric Displays,Volumetric Displays,,Display Technology
197,Mobile Health Monitoring,,,,,,,,,,,,,,,,,,,0.52,0.585,,,,,,,,,,,,,,,,,,,,,,,,5T10,5T10,,,,,,,,,,,,,,,,,,,,,,,,Mobile Health Monitoring,Mobile Health Monitoring,,,,,,Sensing/Tracking
198,Wearable UI,,,,,,,,,,,,,,,,,,,0.36,0.365,0.38,,,,,,,,,,,,,,,,,,,,,,,5T10,5T10,5T10,,,,,,,,,,,,,,,,,,,,,,,Wearable User Interfaces,Wearable User Interfaces,Wearables,,,,,Human-Computer Interface
199,Consumer 3D Printing,,,,,,,,,,,,,,,,,,,0.335,0.375,0.42,,,,,,,,,,,,,,,,,,,,,,,5T10,5T10,5T10,,,,,,,,,,,,,,,,,,,,,,,Consumer 3D Printing,Consumer 3D Printing,Consumer 3D Printing,,,,,Manufacturing
200,Neurobusiness,,,,,,,,,,,,,,,,,,,0.25,0.245,0.245,,,,,,,,,,,,,,,,,,,,,,,GT10,GT10,GT10,,,,,,,,,,,,,,,,,,,,,,,Neurobusiness,Neurobusiness,Neurobusiness,,,,,Methodology
201,Biochips,,,,,,,,,,,,,,,,,,,0.24,0.23,0.225,0.26,0.285,0.32,0.335,,,,,,,,,,,,,,,,,,,5T10,5T10,5T10,INTP,INTP,5T10,5T10,,,,,,,,,,,,,,,,,,,Biochips,Biochips,Biochips,,,Biochips,Biochips,Sensing/Tracking
202,Prescriptive Analytics,,,,,,,,,,,,,,,,,,,0.19,0.255,,,,,,,,,,,,,,,,,,,,,,,,5T10,5T10,,,,,,,,,,,,,,,,,,,,,,,,Prescriptive Analytics,Prescriptive Analytics,,,,,,Analytics
203,Affective Computing,,,,,,,,,,,,,,,,,,,0.175,0.185,0.195,0.24,,,,,,,,,,,,,,,,,,,,,,5T10,5T10,5T10,5T10,,,,,,,,,,,,,,,,,,,,,,Affective Computing,Affective Computing,Affective Computing,Affective Computing,,,,Human-Computer Interface
204,Electrovibration,,,,,,,,,,,,,,,,,,,0.16,,,,,,,,,,,,,,,,,,,,,,,,,5T10,,,,,,,,,,,,,,,,,,,,,,,,,Electrovibration,,,,,,,Human-Computer Interface
205,Personal Analytics,,,,,,,,,,,,,,,,,,,0.1,0.095,0.11,0.17,,,,,,,,,,,,,,,,,,,,,,2T5,5T10,INTP,5T10,,,,,,,,,,,,,,,,,,,,,,Quantified Self,Quantified Self,,Personal Analytics,,,,Analytics
206,Bioacoustic Sensing,,,,,,,,,,,,,,,,,,,0.005,0.005,0.075,,,,,,,,,,,,,,,,,,,,,,,GT10,GT10,GT10,,,,,,,,,,,,,,,,,,,,,,,Bioacoustic Sensing,Bioacoustic Sensing,Bioacoustic Sensing,,,,,Sensing/Tracking
207,Cryptocurrencies,,,,,,,,,,,,,,,,,,,,0.385,0.395,,,,,,,,,,,,,,,,,,,,,,,,5T10,5T10,,,,,,,,,,,,,,,,,,,,,,,,Cryptocurrencies,Cryptocurrencies,,,,,Financial Technology
208,Smart Advisors,,,,,,,,,,,,,,,,,,,,0.285,0.31,,,,,,,,,,,,,,,,,,,,,,,,5T10,5T10,,,,,,,,,,,,,,,,,,,,,,,,Smart Advisors,Smart Advisors,,,,,Human-Computer Interface
209,Data Science,,,,,,,,,,,,,,,,,,,,0.27,,,,,,,,,,,,,,,,,,,,,,,,,2T5,,,,,,,,,,,,,,,,,,,,,,,,,Data Science,,,,,,Analytics
210,Software Defined Anything,,,,,,,,,,,,,,,,,,,,0.135,0.2625,0.395,,,,,,,,,,,,,,,,,,,,,,,5T10,INTP,2T5,,,,,,,,,,,,,,,,,,,,,,,Software Defined Anything,,Software Defined Anything,,,,Methodology
211,Connected Home,,,,,,,,,,,,,,,,,,,,0.085,0.205,0.31,0.34,0.45,,,,,,,,,,,,,,,,,,,,,5T10,5T10,5T10,5T10,5T10,,,,,,,,,,,,,,,,,,,,,Connected Home,Connected Home,Connected Home,Connected Home,Connected Home,,Platforms
212,Smart Workspace,,,,,,,,,,,,,,,,,,,,0.045,0.1,0.18,0.25,0.31,,,,,,,,,,,,,,,,,,,,,5T10,INTP,5T10,5T10,5T10,,,,,,,,,,,,,,,,,,,,,Smart Workspace,,Smart Workspace,Smart Workspace,Smart Workspace,,Platforms
213,Digital Security,,,,,,,,,,,,,,,,,,,,0.015,0.05,,,,,,,,,,,,,,,,,,,,,,,,5T10,5T10,,,,,,,,,,,,,,,,,,,,,,,,Digital Security,Digital Security,,,,,Cyber Security
214,Autonomous Field Vehicles,,,,,,,,,,,,,,,,,,,,,0.685,,,,,,,,,,,,,,,,,,,,,,,,,2T5,,,,,,,,,,,,,,,,,,,,,,,,,Autonomous Field Vehicles,,,,,Vehicle Technology
215,Cryptocurrency Exchanges,,,,,,,,,,,,,,,,,,,,,0.63,,,,,,,,,,,,,,,,,,,,,,,,,2T5,,,,,,,,,,,,,,,,,,,,,,,,,Cryptocurrency Exchanges,,,,,Financial Technology
216,Machine Learning,,,,,,,,,,,,,,,,,,,,,0.37,0.345,0.36,,,,,,,,,,,,,,,,,,,,,,,2T5,2T5,2T5,,,,,,,,,,,,,,,,,,,,,,,Machine Learning,Machine Learning,Machine Learning,,,Artificial Intelligence
217,Advanced Self-Service Analytics,,,,,,,,,,,,,,,,,,,,,0.335,,,,,,,,,,,,,,,,,,,,,,,,,2T5,,,,,,,,,,,,,,,,,,,,,,,,,Advanced Analytics with Self-Service Delivery,,,,,Analytics
218,Micro Data Centers,,,,,,,,,,,,,,,,,,,,,0.28,0.28,,,,,,,,,,,,,,,,,,,,,,,,5T10,5T10,,,,,,,,,,,,,,,,,,,,,,,,Micro Data Centers,Micro Data Centers,,,,Computer Architecture
219,Digital Dexterity,,,,,,,,,,,,,,,,,,,,,0.27,,,,,,,,,,,,,,,,,,,,,,,,,5T10,,,,,,,,,,,,,,,,,,,,,,,,,Digital Dexterity,,,,,Methodology
220,Software Defined Security,,,,,,,,,,,,,,,,,,,,,0.255,0.36,0.585,,,,,,,,,,,,,,,,,,,,,,,5T10,5T10,2T5,,,,,,,,,,,,,,,,,,,,,,,Software Defined Security,Software Defined Security,Software Defined Security,,,Cyber Security
221,Citizen Data Science,,,,,,,,,,,,,,,,,,,,,0.235,,,,,,,,,,,,,,,,,,,,,,,,,2T5,,,,,,,,,,,,,,,,,,,,,,,,,Citizen Data Science,,,,,Methodology
222,IOT Platforms,,,,,,,,,,,,,,,,,,,,,0.215,0.27,0.3075,0.375,,,,,,,,,,,,,,,,,,,,,,5T10,5T10,2T5,5T10,,,,,,,,,,,,,,,,,,,,,,IoT Platforms,IoT Platforms,IoT Platforms,IoT Platforms,,Platforms
223,People-Literate Technology,,,,,,,,,,,,,,,,,,,,,0.06,,,,,,,,,,,,,,,,,,,,,,,,,5T10,,,,,,,,,,,,,,,,,,,,,,,,,People-Literate Technology,,,,,Human-Computer Interface
224,Ent Taxonomy/Ontology Mgt,,,,,,,,,,,,,,,,,,,,,,0.51,0.575,,,,,,,,,,,,,,,,,,,,,,,,GT10,5T10,,,,,,,,,,,,,,,,,,,,,,,,Enterprise Taxonomy/Ontology Mgt,Enterprise Taxonomy/Ontology Mgt,,,Methodology
225,Nanotube Electronics,,,,,,,,,,,,,,,,,,,,,,0.38,0.385,,,,,,,,,,,,,,,,,,,,,,,,5T10,5T10,,,,,,,,,,,,,,,,,,,,,,,,Nanotube Electronics,Nanotube Electronics,,,Manufacturing
226,Cognitive Expert Advisors,,,,,,,,,,,,,,,,,,,,,,0.335,0.455,,,,,,,,,,,,,,,,,,,,,,,,5T10,2T5,,,,,,,,,,,,,,,,,,,,,,,,Cognitive Expert Advisors,Cognitive Expert Advisors,,,Artificial Intelligence
227,Blockchain,,,,,,,,,,,,,,,,,,,,,,0.3,0.41,0.415,,,,,,,,,,,,,,,,,,,,,,,5T10,5T10,5T10,,,,,,,,,,,,,,,,,,,,,,,Blockchain,Blockchain,Blockchain,,Cyber Security
228,Commercial UAVs (Drones),,,,,,,,,,,,,,,,,,,,,,0.25,0.425,,,,,,,,,,,,,,,,,,,,,,,,5T10,2T5,,,,,,,,,,,,,,,,,,,,,,,,Commercial UAVs (Drones),Commercial UAVs (Drones),,,Vehicle Technology
229,Smart Data Discovery,,,,,,,,,,,,,,,,,,,,,,0.23,,,,,,,,,,,,,,,,,,,,,,,,,5T10,,,,,,,,,,,,,,,,,,,,,,,,,Smart Data Discovery,,,,Human-Computer Interface
230,Conversational User Interfaces,,,,,,,,,,,,,,,,,,,,,,0.2,0.24,,,,,,,,,,,,,,,,,,,,,,,,5T10,5T10,,,,,,,,,,,,,,,,,,,,,,,,Conversational User Interfaces,Conversational User Interfaces,,,Human-Computer Interface
231,Data Broker PaaS,,,,,,,,,,,,,,,,,,,,,,0.135,,,,,,,,,,,,,,,,,,,,,,,,,5T10,,,,,,,,,,,,,,,,,,,,,,,,,Data Broker PaaS,,,,Analytics
232,Neuromorphic Hardware,,,,,,,,,,,,,,,,,,,,,,0.12,0.125,0.16,,,,,,,,,,,,,,,,,,,,,,,GT10,5T10,5T10,,,,,,,,,,,,,,,,,,,,,,,Neuromorphic hardware,Neuromorphic hardware,Neuromorphic hardware,,Computer Architecture
233,802.11ax,,,,,,,,,,,,,,,,,,,,,,0.095,,,,,,,,,,,,,,,,,,,,,,,,,5T10,,,,,,,,,,,,,,,,,,,,,,,,,802.11ax,,,,Wireless Technology
234,General AI,,,,,,,,,,,,,,,,,,,,,,0.075,,,,,,,,,,,,,,,,,,,,,,,,,GT10,,,,,,,,,,,,,,,,,,,,,,,,,General Purpose Machine Intelligence,,,,Artificial Intelligence
235,4D Printing,,,,,,,,,,,,,,,,,,,,,,0.06,0.075,0.125,,,,,,,,,,,,,,,,,,,,,,,GT10,GT10,GT10,,,,,,,,,,,,,,,,,,,,,,,4D Printing,4D Printing,4D Printing,,Manufacturing
236,Cognitive Computing,,,,,,,,,,,,,,,,,,,,,,,0.395,,,,,,,,,,,,,,,,,,,,,,,,,5T10,,,,,,,,,,,,,,,,,,,,,,,,,Cognitive Computing,,,Artificial Intelligence
237,Edge Computing,,,,,,,,,,,,,,,,,,,,,,,0.275,,,,,,,,,,,,,,,,,,,,,,,,,2T5,,,,,,,,,,,,,,,,,,,,,,,,,Edge Computing,,,Computer Architecture
238,Augmented Data Discovery,,,,,,,,,,,,,,,,,,,,,,,0.265,,,,,,,,,,,,,,,,,,,,,,,,,2T5,,,,,,,,,,,,,,,,,,,,,,,,,Augmented Data Discovery,,,Methodology
239,Digital Twins,,,,,,,,,,,,,,,,,,,,,,,0.2,0.33,,,,,,,,,,,,,,,,,,,,,,,,5T10,5T10,,,,,,,,,,,,,,,,,,,,,,,,Digital Twins,Digital Twins,,Methodology
240,Serverless PaaS,,,,,,,,,,,,,,,,,,,,,,,0.18,,,,,,,,,,,,,,,,,,,,,,,,,2T5,,,,,,,,,,,,,,,,,,,,,,,,,Serverless PaaS,,,Methodology
241,5G Networks,,,,,,,,,,,,,,,,,,,,,,,0.16,0.245,0.35,,,,,,,,,,,,,,,,,,,,,,,5T10,2T5,2T5,,,,,,,,,,,,,,,,,,,,,,,5G,5G,5G,Networking Technology
242,Deep Neural Nets (Deep Learning),,,,,,,,,,,,,,,,,,,,,,,0.11,0.35,,,,,,,,,,,,,,,,,,,,,,,,5T10,2T5,,,,,,,,,,,,,,,,,,,,,,,,Deep Reinforcement Learning,Deep Neural Nets (Deep Learning),,Artificial Intelligence
243,Artificial General Intelligence,,,,,,,,,,,,,,,,,,,,,,,0.09,0.09,,,,,,,,,,,,,,,,,,,,,,,,GT10,GT10,,,,,,,,,,,,,,,,,,,,,,,,Artificial General Intelligence,Artificial General Intelligence,,Artificial Intelligence
244,Mixed Reality,,,,,,,,,,,,,,,,,,,,,,,,0.485,,,,,,,,,,,,,,,,,,,,,,,,,5T10,,,,,,,,,,,,,,,,,,,,,,,,,Mixed Reality,,Human-Computer Interface
245,Autonomous Driving Level 4,,,,,,,,,,,,,,,,,,,,,,,,0.465,0.505,,,,,,,,,,,,,,,,,,,,,,,,GT10,GT10,,,,,,,,,,,,,,,,,,,,,,,,Autonomous Driving Level 4,Autonomous Driving Level 4,Vehicle Technology
246,Autonomous Mobile Robots,,,,,,,,,,,,,,,,,,,,,,,,0.295,,,,,,,,,,,,,,,,,,,,,,,,,5T10,,,,,,,,,,,,,,,,,,,,,,,,,Autonomous Mobile Robots,,Physical Actuation
247,Deep Neural Network ASICs,,,,,,,,,,,,,,,,,,,,,,,,0.275,,,,,,,,,,,,,,,,,,,,,,,,,2T5,,,,,,,,,,,,,,,,,,,,,,,,,Deep Neural Network ASICs,,Artificial Intelligence
248,AI Paas,,,,,,,,,,,,,,,,,,,,,,,,0.265,0.325,,,,,,,,,,,,,,,,,,,,,,,,5T10,5T10,,,,,,,,,,,,,,,,,,,,,,,,AI PaaS,AI Paas,Artificial Intelligence
249,Self Healing System Technology,,,,,,,,,,,,,,,,,,,,,,,,0.225,,,,,,,,,,,,,,,,,,,,,,,,,5T10,,,,,,,,,,,,,,,,,,,,,,,,,Self Healing System Technology,,Computer Architecture
250,Conversational AI Platform,,,,,,,,,,,,,,,,,,,,,,,,0.215,,,,,,,,,,,,,,,,,,,,,,,,,5T10,,,,,,,,,,,,,,,,,,,,,,,,,Conversational AI Platform,,Human-Computer Interface
251,Autonomous Driving Level 5,,,,,,,,,,,,,,,,,,,,,,,,0.205,0.3,,,,,,,,,,,,,,,,,,,,,,,,GT10,GT10,,,,,,,,,,,,,,,,,,,,,,,,Autonomous Driving Level 5,Autonomous Driving Level 5,Vehicle Technology
252,Edge AI,,,,,,,,,,,,,,,,,,,,,,,,0.195,0.28,,,,,,,,,,,,,,,,,,,,,,,,5T10,2T5,,,,,,,,,,,,,,,,,,,,,,,,Edge AI,Edge AI,Artificial Intelligence
253,Blockchain for Data Security,,,,,,,,,,,,,,,,,,,,,,,,0.175,,,,,,,,,,,,,,,,,,,,,,,,,5T10,,,,,,,,,,,,,,,,,,,,,,,,,Blockchain for Data Security,,Cyber Security
254,Knowledge Graphs,,,,,,,,,,,,,,,,,,,,,,,,0.135,0.245,,,,,,,,,,,,,,,,,,,,,,,,5T10,5T10,,,,,,,,,,,,,,,,,,,,,,,,Knowledge Graphs,Knowledge Graphs,Human-Computer Interface
255,Flying Autonomous Vehicle,,,,,,,,,,,,,,,,,,,,,,,,0.04,0.185,,,,,,,,,,,,,,,,,,,,,,,,GT10,GT10,,,,,,,,,,,,,,,,,,,,,,,,Flying Autonomous Vehicle,Flying Autonomous Vehicle,Vehicle Technology
256,Biotech-Artificial Tissue,,,,,,,,,,,,,,,,,,,,,,,,0.02,0.035,,,,,,,,,,,,,,,,,,,,,,,,GT10,GT10,,,,,,,,,,,,,,,,,,,,,,,,Biotech-Cultured or Artificial Tissue,Biotech-Cultured or Artificial Tissue,Manufacturing
257,3D Sensing Cameras,,,,,,,,,,,,,,,,,,,,,,,,,0.45,,,,,,,,,,,,,,,,,,,,,,,,,2T5,,,,,,,,,,,,,,,,,,,,,,,,,3D Sensing Cameras,Sensing/Tracking
258,Next-Generation Memory,,,,,,,,,,,,,,,,,,,,,,,,,0.435,,,,,,,,,,,,,,,,,,,,,,,,,5T10,,,,,,,,,,,,,,,,,,,,,,,,,Next-Generation Memory,Computer Architecture
259,Graph Analytics,,,,,,,,,,,,,,,,,,,,,,,,,0.39,,,,,,,,,,,,,,,,,,,,,,,,,5T10,,,,,,,,,,,,,,,,,,,,,,,,,Graph Analytics,Analytics
260,Edge Analytics,,,,,,,,,,,,,,,,,,,,,,,,,0.315,,,,,,,,,,,,,,,,,,,,,,,,,2T5,,,,,,,,,,,,,,,,,,,,,,,,,Edge Analytics,Analytics
261,Low-Earth-Orbit Satellite Systems,,,,,,,,,,,,,,,,,,,,,,,,,0.29,,,,,,,,,,,,,,,,,,,,,,,,,5T10,,,,,,,,,,,,,,,,,,,,,,,,,Low-Earth-Orbit Satellite Systems,Networking Technology
262,Explainable AI,,,,,,,,,,,,,,,,,,,,,,,,,0.27,,,,,,,,,,,,,,,,,,,,,,,,,5T10,,,,,,,,,,,,,,,,,,,,,,,,,Explainable AI,Artificial Intelligence
263,Personification,,,,,,,,,,,,,,,,,,,,,,,,,0.255,,,,,,,,,,,,,,,,,,,,,,,,,5T10,,,,,,,,,,,,,,,,,,,,,,,,,Personification,Human-Computer Interface
264,Synthetic Data,,,,,,,,,,,,,,,,,,,,,,,,,0.23,,,,,,,,,,,,,,,,,,,,,,,,,5T10,,,,,,,,,,,,,,,,,,,,,,,,,Synthetic Data,Software Architecture
265,Light Cargo Delivery Drones,,,,,,,,,,,,,,,,,,,,,,,,,0.22,,,,,,,,,,,,,,,,,,,,,,,,,5T10,,,,,,,,,,,,,,,,,,,,,,,,,Light Cargo Delivery Drones,Vehicle Technology
266,Emotion AI,,,,,,,,,,,,,,,,,,,,,,,,,0.21,,,,,,,,,,,,,,,,,,,,,,,,,5T10,,,,,,,,,,,,,,,,,,,,,,,,,Emotion AI,Artificial Intelligence
267,Transfer Learning,,,,,,,,,,,,,,,,,,,,,,,,,0.195,,,,,,,,,,,,,,,,,,,,,,,,,5T10,,,,,,,,,,,,,,,,,,,,,,,,,Transfer Learning,Artificial Intelligence
268,Augmented Intelligence,,,,,,,,,,,,,,,,,,,,,,,,,0.175,,,,,,,,,,,,,,,,,,,,,,,,,2T5,,,,,,,,,,,,,,,,,,,,,,,,,Augmented Intelligence,Methodology
269,Nanoscale 3D Printing,,,,,,,,,,,,,,,,,,,,,,,,,0.165,,,,,,,,,,,,,,,,,,,,,,,,,GT10,,,,,,,,,,,,,,,,,,,,,,,,,Nanoscale 3D Printing,Manufacturing
270,Decentralized Autonomous Org,,,,,,,,,,,,,,,,,,,,,,,,,0.15,,,,,,,,,,,,,,,,,,,,,,,,,5T10,,,,,,,,,,,,,,,,,,,,,,,,,Decentralized Autonomous Organization,Methodology
271,Digital Ops,,,,,,,,,,,,,,,,,,,,,,,,,0.135,,,,,,,,,,,,,,,,,,,,,,,,,5T10,,,,,,,,,,,,,,,,,,,,,,,,,Digital Ops,Methodology
272,Adaptive Machine Learning,,,,,,,,,,,,,,,,,,,,,,,,,0.115,,,,,,,,,,,,,,,,,,,,,,,,,5T10,,,,,,,,,,,,,,,,,,,,,,,,,Adaptive Machine Learning,Artificial Intelligence
273,Generative Adversarial Networks,,,,,,,,,,,,,,,,,,,,,,,,,0.1,,,,,,,,,,,,,,,,,,,,,,,,,5T10,,,,,,,,,,,,,,,,,,,,,,,,,Generative Adversarial Networks,Artificial Intelligence
274,Decentralized Web,,,,,,,,,,,,,,,,,,,,,,,,,0.09,,,,,,,,,,,,,,,,,,,,,,,,,GT10,,,,,,,,,,,,,,,,,,,,,,,,,Decentralized Web,Web Technology
275,AR Cloud,,,,,,,,,,,,,,,,,,,,,,,,,0.075,,,,,,,,,,,,,,,,,,,,,,,,,5T10,,,,,,,,,,,,,,,,,,,,,,,,,AR Cloud,Platforms
276,Immersive Workspaces,,,,,,,,,,,,,,,,,,,,,,,,,0.06,,,,,,,,,,,,,,,,,,,,,,,,,5T10,,,,,,,,,,,,,,,,,,,,,,,,,Immersive Workspaces,Human-Computer Interface